{"train_loss": 0.1402601057452266, "train_accuracy": 0.961, "_timestamp": 1708426483.93565, "_runtime": 42.281153202056885, "_step": 9, "_wandb": {"runtime": 41}}