{"train_loss": 0.048950760851827604, "train_accuracy": 0.9839375, "_timestamp": 1708427175.9154449, "_runtime": 56.201106786727905, "_step": 14, "_wandb": {"runtime": 55}}