{"train_loss": 0.04594060507013152, "train_accuracy": 0.985375, "_timestamp": 1708341630.8215666, "_runtime": 19.949143648147583, "_step": 4, "_wandb": {"runtime": 19}}