{"train_loss": 0.34961468832350023, "train_accuracy": 0.8861458333333333, "_timestamp": 1708342887.586277, "_runtime": 5.296319007873535, "_step": 0}