{"train_loss": 0.10507707633792113, "train_accuracy": 0.9672083333333333, "_timestamp": 1708427919.366908, "_runtime": 76.8033549785614, "_step": 5639, "val_loss": 0.061349446366230645, "val_accuracy": 0.9821666666666666, "_wandb": {"runtime": 75}}