{"train_loss": 0.09968245517113246, "train_accuracy": 0.9688125, "_timestamp": 1708426937.4744534, "_runtime": 36.340657472610474, "_step": 9, "_wandb": {"runtime": 35}}