{"train_loss": 0.06676023813794987, "train_accuracy": 0.9787083333333333, "_timestamp": 1708427378.4282155, "_runtime": 63.967554569244385, "_step": 14, "_wandb": {"runtime": 62}}