{"train_loss": 0.037548619596207575, "train_accuracy": 0.9878958333333333, "_timestamp": 1708426772.8844855, "_runtime": 39.57483649253845, "_step": 9, "_wandb": {"runtime": 38}}