{"train_loss": 0.035486348322917666, "train_accuracy": 0.9889791666666666, "_timestamp": 1708343011.606101, "_runtime": 40.75063705444336, "_step": 9, "_wandb": {"runtime": 39}}