{"train_loss": 0.09109665658627637, "train_accuracy": 0.9724583333333333, "_timestamp": 1708342802.9621844, "_runtime": 9.452381372451782, "_step": 1}