{"train_loss": 0.0851655657391566, "train_accuracy": 0.97325, "_timestamp": 1708432272.3010733, "_runtime": 155.62695336341858, "_step": 11264, "val_loss": 0.07250134056441675, "val_accuracy": 0.9810833333333333, "_wandb": {"runtime": 154}}