{"train_loss": 0.07524557006297013, "train_accuracy": 0.9770625, "_timestamp": 1708427582.2555206, "_runtime": 64.63646960258484, "_step": 14, "_wandb": {"runtime": 63}}