{"train_loss": 0.09870469095375545, "train_accuracy": 0.9701875, "_timestamp": 1708428315.280658, "_runtime": 17.175509929656982, "_step": 1127, "val_loss": 0.0791214984456698, "val_accuracy": 0.9746666666666667}