{"train_loss": 0.10851354184665252, "train_accuracy": 0.9678958333333333, "_timestamp": 1708430036.1570861, "_runtime": 162.2019362449646, "_step": 11264, "val_loss": 0.07762761302976287, "val_accuracy": 0.9781666666666666, "_wandb": {"runtime": 161}}