{"train_loss": 0.09336775867951413, "train_accuracy": 0.9699166666666666, "_timestamp": 1708435393.4081345, "_runtime": 61.5267174243927, "_step": 2834, "val_loss": 0.053934033661015686, "val_accuracy": 0.9828333333333333, "_wandb": {"runtime": 60}}