{"train_loss": 0.22979923727881632, "train_accuracy": 0.9406666666666667, "_timestamp": 1708426416.9997592, "_runtime": 94.94749927520752, "_step": 9, "_wandb": {"runtime": 93}}