{"train_loss": 0.09910710099175833, "train_accuracy": 0.97325, "_timestamp": 1708432706.6416273, "_runtime": 200.72964024543762, "_step": 11264, "val_loss": 0.049228116184068006, "val_accuracy": 0.9856666666666667, "_wandb": {"runtime": 199}}