{"train_loss": 0.03739907300239186, "train_accuracy": 0.9878958333333333, "_timestamp": 1708426681.8461006, "_runtime": 36.076860666275024, "_step": 9, "_wandb": {"runtime": 35}}