{"train_loss": 1.320568175315857, "train_accuracy": 0.5444791666666666, "_timestamp": 1708637628.312177, "_runtime": 5.370604038238525, "_step": 188, "val_loss": 0.2940455202726608, "val_accuracy": 0.9115}