{"train_loss": 0.06469467999025559, "train_accuracy": 0.979875, "_timestamp": 1708341733.8942533, "_runtime": 41.305272340774536, "_step": 9, "_wandb": {"runtime": 40}}