{"train_loss": 0.11129096489473402, "train_accuracy": 0.9665625, "_timestamp": 1708427780.288615, "_runtime": 67.96904397010803, "_step": 14, "_wandb": {"runtime": 66}}