{"train_loss": 0.06649791003752034, "train_accuracy": 0.98, "_timestamp": 1708342911.8320303, "_runtime": 14.28444218635559, "_step": 2}