{"train_loss": 0.057166642680259734, "train_accuracy": 0.9815, "_timestamp": 1708426988.5472922, "_runtime": 36.409746170043945, "_step": 9, "_wandb": {"runtime": 35}}